insert into brand (brand_id, brand_name)
	values (1,'Apple'),
			(2,'OnePlus'),
			(3,'SamSung'),
			(4,'H&M'),
			(5,'GlobalDesi'),
			(6,'Zara'),
			(7,'Only'),
			(8,'Mango'),
			(9,'Raymond'),
			(10,'Manyavar');

insert into category (category_id, category_name, parent_id)
	values (1,'Phone',null),
			(2,'Mobile',1),
			(3,'Tablet',1),
			(4,'Clothing',null),
			(5,'Women',4),
			(6,'Men',4),
			(7,'Western',5),
			(8,'Ethnic',5),
			(9,'Sports',5),
			(10,'Western',6),
			(11,'Ethnic',6),
			(12,'Sports',6);

insert into product (product_id, product_name, price, brand_id)
	values (1,'iPhone 13',89999,1),
			(2,'iPhone 13 Pro',109999,1),
			(3,'OnePlus Nord',45000,2),
			(4,'OnePlus 9 Pro',64999,2),
			(5,'SamSung Galaxy M32',18999,3),
			(6,'SamSung Galaxy S21',74999,3),
			(7,'SamSung Galaxy Tab S7',49999,3),
			(8,'Black Top',999,4),
			(9,'White Shirt',1499,4),
			(10,'Black T-Shirt',1299,4),
			(11,'White Shirt',1899,4),
			(12,'Blue Top Round Neck',899,6),
			(13,'Blue Dress',2999,6),
			(14,'White Jeans',3099,8),
			(15,'Red Kurti',2299,5),
			(16,'Blue Jacket',1899,7),
			(17,'Blue Kurta',2499,10),
			(18,'Blue T-Shirt',2699,6),
			(19,'Blazer',7499,9),
			(20,'Trouser',3499,9);

insert into product_category (product_id, category_id)
	values (1,1),
			(1,2),
			(2,1),
			(2,2),
			(3,1),
			(3,2),
			(4,1),
			(4,2),
			(5,1),
			(5,2),
			(6,1),
			(6,2),
			(7,1),
			(7,3),
			(8,4),
			(8,5),
			(8,7),
			(9,4),
			(9,5),
			(9,7),
			(10,4),
			(10,6),
			(10,10),
			(11,4),
			(11,6),
			(11,10),
			(12,4),
			(12,5),
			(12,7),
			(13,4),
			(13,5),
			(13,7),
			(14,4),
			(14,6),
			(14,10),
			(15,4),
			(15,5),
			(15,8),
			(16,4),
			(16,5),
			(16,9),
			(17,4),
			(17,6),
			(17,11),
			(18,4),
			(18,6),
			(18,12),
			(19,4),
			(19,6),
			(19,10),
			(20,4),
			(20,6),
			(20,10);

insert into product_attributes(attribute_id, is_available, customer_rating, is_fassured, is_gst_available, status, product_id)
	values (1,1,4.2,1,1,'ACTIVE',1),
			(2,1,4.5,0,1,'ACTIVE',2),
			(3,1,4.3,1,0,'ACTIVE',3),
			(4,1,3.8,1,1,'ACTIVE',4),
			(5,0,3.2,1,1,'ACTIVE',5),
			(6,1,3.5,1,1,'ACTIVE',6),
			(7,1,4,1,1,'ACTIVE',7),
			(8,1,3.9,1,0,'ACTIVE',8),
			(9,1,3.7,1,1,'ACTIVE',9),
			(10,1,3.8,0,1,'ACTIVE',10),
			(11,1,2.3,1,1,'ACTIVE',11),
			(12,1,4.1,1,1,'ACTIVE',12),
			(13,1,4.6,1,1,'ACTIVE',13),
			(14,0,3.6,1,1,'ACTIVE',14),
			(15,1,4.1,1,1,'ACTIVE',15),
			(16,1,3.8,1,1,'ACTIVE',16),
			(17,1,2.2,1,1,'ACTIVE',17),
			(18,1,3.8,1,1,'ACTIVE',18),
			(19,1,4.8,1,1,'ACTIVE',19),
			(20,1,4.1,1,0,'INACTIVE',20);


insert into offer (offer_id, offer_name)
	values (1,'Special Price'),
			(2,'5% Discount'),
			(3,'No Cost EMI'),
			(4,'HDFC Bank Debit Card Discount');

insert into product_attributes_offer (product_id, offer_id)
	values (1,2),
			(1,3),
			(2,1),
			(3,1),
			(3,2),
			(3,3),
			(4,4),
			(5,1),
			(6,2),
			(7,3),
			(8,2),
			(8,3),
			(9,4),
			(10,1),
			(10,2),
			(10,3),
			(11,2),
			(11,3),
			(12,4),
			(12,1),
			(14,2),
			(16,3),
			(18,1),
			(18,2),
			(19,1),
			(20,1);
